termo_busca,titulo,fonte,data_publicacao,link
consumo consciente pet,Dia Mundial do Meio Ambiente: como o consumo consciente pode transformar a rotina dos responsáveis por pets - Portal Cães e Gatos,Portal Cães e Gatos,"Fri, 05 Jun 2026 07:00:00 GMT",https://news.google.com/rss/articles/CBMiZkFVX3lxTE9hZXZmeEQtb2doNS1xS2c4Y21MV19zWGlDQ0VvRlJ6V2RyZTZnUlJ2b29maHNiWUNCa3ZFSDJLUE90SG53TF9hR1lya29rRUZIeDFWWGtwMFppUEZoTXk0VnI4NGF4dw?oc=5
consumo consciente pet,Zona Noroeste de Santos terá primeiro espaço para lazer dos pets - santos.sp.gov.br,santos.sp.gov.br,"Fri, 19 Jun 2026 07:00:00 GMT",https://news.google.com/rss/articles/CBMipwFBVV95cUxNZEZqd0UxcnJaM3ZyM1Y3QzJ0OTRtQkhQTTIyTGJrWjljMGFIZmZMdFIwUnJ0X2RmNng2WG9kVFdXcEJobDNldjFHdjBaQzZuS29TczBsUGlRanVsZUcxb2k0eDA4STdaWlBPMWFFTVR5OXkwbVZ2cElzNzlpZ183OV9sTExNamNPMDV2SklFekFhUU5EcnpLYVZjY2E0bnVTcmNpUUI4QQ?oc=5
consumo consciente pet,"Com Xuxa, Petlove reforça conversa sobre saúde pet - Meio e Mensagem",Meio e Mensagem,"Tue, 30 Jun 2026 07:00:00 GMT",https://news.google.com/rss/articles/CBMimgFBVV95cUxORnd0RHh5R3N0OElNOXdpZHB2aU40QVBYZG5Id2N6SVNEQUNiQ1hGM3B6b2Z6cXc3ZlhndHFkWTlmbTJiVVFfQmhwSzYtVlliYWFBRy1naHdxWUpmZ3loa2VJSUVrLWZXVW5xZmhlMFZUcHhuY3pmRmp3VlY5TjZGMGdZSFZ2N2QzR19xNWVNNlplV0JJTXhFZEdR?oc=5
consumo consciente pet,Cobasi realiza 9ª Campanha do Agasalho Pet com mais de 100 ONGs - abcdoabc.com.br,abcdoabc.com.br,"Thu, 28 May 2026 07:00:00 GMT",https://news.google.com/rss/articles/CBMifEFVX3lxTE9sMXdJMkdMQzhKVjUyZmVjc0JZT0tocW8yLWRSMDlJZGxCN1piT0FzYUxqT0JkZGFpbl9YV0VsVE56dkx2NlNUS2NQU2p3RGFsSmpfRHlCTmlNOHVSOW9XQkVIVk5IQWJhN2FQcUNTMU8zWEcxcDJWYkkweGk?oc=5
consumo consciente pet,Clínica veterinária é responsável por erro em cirurgia em cachorro - Consultor Jurídico,Consultor Jurídico,"Mon, 04 May 2026 07:00:00 GMT",https://news.google.com/rss/articles/CBMirgFBVV95cUxQS0t6dnpMTkVIMlQ1TkEwRk43RzRIX1h0U2hwd2N6aDI0bHVQOFNOWTF3X0JtRHRTbDBUY2ZNRnZDVERpUUVILW15ZUpONTlqOElZV2dZejZmSEFVUnpLSThFWF9Fc1cxdXZudms0NVBmdjkxMVhPRW5iNFNYQWpjTUNUWTduR1dFQ08xSlZ2bnBvQWlBR0VZeWlqWWlQLWlETDlBblFRWjJCbHQybmc?oc=5
consumo consciente pet,Uems oferece curso gratuito sobre veganismo e consumo consciente - Dourados News,Dourados News,"Thu, 04 Jun 2026 07:00:00 GMT",https://news.google.com/rss/articles/CBMitAFBVV95cUxQNFZncENWUDZoa1JuLUV1Q3ZUdG9hUHZ1dXJkNl9yU1VlY0VObE50Y2VMYV9CRjNLSDgwOXRoZzRDUEJ1eXRFSkdYdDBmcGNCMDNmT0poV00zbGNUM1NVWTcxRkxRM3hQZk1MWHA3Nk1DR3FSaEJKZVNBeDFKRTQxYUxyM3lib05qQ3dNQjJEY3ROMWpOUkFMRkhDcWZoeUdYMjdZZi1ZUVJ5SEVzLW1NTnAyTFTSAbgBQVVfeXFMTzZZbU43QzYyT3hvdmRYeDA0Vm1EOEh0WUdVOVJiMjVTUzYzNnNMbjBGaHJ5SzZ5MHJweWFJcjhfNksxQk5ldUtEX1l0b0p6cFJybGU1Y2dIamEtZERhQ1JWdl95VzJnMS02SXRna19SdzV0ZE42WGloY0lNaTN1Uk5aMUdEWkM1QWhYVWJocXpHc0J4ZV9xcFJmZG1lWHpyUlphZmJBa21zVXhDbUZ3bzNkN0kzRm5yUw?oc=5
consumo consciente pet,5 tendências que impulsionam a causa animal na agenda das empresas - CartaCapital,CartaCapital,"Sat, 20 Dec 2025 08:00:00 GMT",https://news.google.com/rss/articles/CBMiuAFBVV95cUxNS3RqM3Y1WmdqRmhMRU1keG9rbEI2bHpKTVhGWnlLY1FUbl9ZVTJxd1p0SW5iQm8wbHBSbFQtdURvbXc5RzhJdUZLaVZpMlZqYURwX0FJbWxrbm1YeG1odzQzQldTUXdyR0Vkd3pWSXBqSlZ4cmNlTE04T2VrTmptV1UyZlRfc19TUUFOZy1hZ3lmcWFnbHBXakRIWDZOYldnVXBUYVpXVlFVbmlJWUlkcFRpTlNUeENr?oc=5
consumo consciente pet,Marcopolo transforma 3 mil garrafas pets em tecido sustentável para poltronas - ESG Inside,ESG Inside,"Tue, 18 Aug 2026 07:00:00 GMT",https://news.google.com/rss/articles/CBMitAFBVV95cUxOVHNKSGhrNTFpa1JRbWc0YmVWS3F0bnBmOWNtVmszemtTN0llMEVGU25OeVRNVlRfalRsY3F4X3Jxek1DOVlNc2doeU1SblpVZ2pFeTgzWldud0JXcVFvV1B6cXJZdHpwekhoRzRLTTRTeVhzeFM2NklIUzNxdm9HdHpocHdWNVNGbU1lajdEbXNTLUlHSnZpUFZwTTFSeFZPUlhUVEpoZE9WNExvTlVMTUIxUkQ?oc=5
consumo consciente pet,Shopping Estação BH lança “Universo Pet” com serviços de saúde gratuitos – 21 a 24/05 - Agenda BH,Agenda BH,"Thu, 21 May 2026 07:00:00 GMT",https://news.google.com/rss/articles/CBMirwFBVV95cUxOTnZWUnZoUWRVNG16S0VIMVNOTUQ5SWN2MHM2QkFXb1NIcE5UcV9zRmZ1QmowNkk2Y2haVG9haXFIUVFmZmJ2M3RsRy1NZ3dfX0wwNi1UTXhWTVZ4LUNBSHNNN3hIRnZFRWkxRnpZLXp4aENYM2ZtM2FJWXJianFUOHRjald4Y0FHd1lWZWhvUTJjZ1dPTTlLNTdHMkhXdGdXX3QycmQ3cVNiQklibDFv?oc=5
consumo consciente pet,Conheça as principais certificações de bem-estar animal e como conquistá-las - Agrishow,Agrishow,"Tue, 02 Jun 2026 07:00:00 GMT",https://news.google.com/rss/articles/CBMiugFBVV95cUxQY0pGdXZJMFZLOFhvd1VsLVFYOHIwUEkweVZuamt0enlXd2ZWOUpvVHJPM0llQ01WazJCSm5PbVlKTTBDWkRNeUhZQk5pZlZ5UGlHM1MyVkoyQjRySFFuelhhWXN0UHRIMG5UaHhoUmNyRFhyaXhncXdIYVdHTThnSV9WSkZya2lBTzJ2N3QxZ3pPUlM5cVh0VlJqVUMtbGJIdVMyWTBLYTdfT1lYUVdURmtzQUdnSmd1X1E?oc=5
consumo consciente pet,Caxias Shopping recebe nova edição da campanha Adote um Pet - odia.ig.com.br,odia.ig.com.br,"Mon, 20 Apr 2026 07:00:00 GMT",https://news.google.com/rss/articles/CBMiuwFBVV95cUxOUkN3SVp0VFJfVjhRTHJfYUlpYU1VeUxYa1NURjVFTFM1RW5zZ3BVemVlMDJpaXZZODhPQVRPd2Q4Rm4yQktObDhrc19rMTBWOTRFVE0zdmh5Vy1Rc3JRNTc1dlFPVlFvUWo3OVUtb1B6cGNLRVg0LTlrUDdyNDh5RUNnekwwbzdvRjFEWllKVXZ0T2hTbWxSYUdVMTl4RWFSTXNHUEtITHpLQW8wakV4bjlJUlRJRmE2OTFF0gHAAUFVX3lxTFBiYVhHei05Qk9rLXZJRmtTcC1PZW0tRTQ0UjlVNjd4Zk5WX0ZFUzMzdFV0NXByRTN1cEc2eURqUU9yeTROdWNVQXZVdEhZTDJKUWlHQ240MGoxZ0xYUl9qbXZRUmFqZmN1SElpRmIzOWpPY3V2YjRjeEFYa216NU5ReEd3ZG94VlJEWE80N2Rua2RHMThtUWZPb2tJbVQ1a0lqb2cyd3FSN25rVEJPNFJ5RzY4cFN4Y25aQTZNTkZNOQ?oc=5
consumo consciente pet,"Unindo consumo consciente e tradição junina, Arraiá Vegano é atração neste fim de semana - santos.sp.gov.br",santos.sp.gov.br,"Fri, 19 Jun 2026 07:00:00 GMT",https://news.google.com/rss/articles/CBMixgFBVV95cUxQQnNvUFk0bEF0M2NFLU5FYzl5M2FiYXk0dlRvcU1KMWJINXJ3SENTUWlxYk9xNHpPMU1UWjFPcU9ZVU1PZmRDZzN6amlfRldWWVd5aFZTNVhNckpUM1F0U1BRS3BxeDlNNGtyOS1XVVFkUFdKVmtHSnM1RWI4dDY4N0R4R1ZoNjZOM1dRZS13bjhWdFRST24zUzdjUEtZYzIyNm5rLTNXdFVYd2FZOTRSNzNLVFJVVHJuRDJkWEVFOUM0RzNIREE?oc=5
consumo consciente pet,Consumidor mais ativo redefine o padrão de consumo no mercado pet - Portal Cães e Gatos,Portal Cães e Gatos,"Sun, 26 Apr 2026 07:00:00 GMT",https://news.google.com/rss/articles/CBMic0FVX3lxTE85VDZXWWV0M3ZhcW5McDlwamk5dWRkZVFOa3dQc0FrVmVTVTJvYWlxeXo2ajBoZEFRU3RBZmRrbkJuZWtldTZJaWdKSUdmSVJlYjhkTHhpc0dHZVdQME5KSTNuZ1RLS1JET2RuN3pvT2dCbXc?oc=5
consumo consciente pet,"Primeira boutique pet do Recife aposta em materiais ecológicos, alimentação natural e lifestyle pet - Folha PE",Folha PE,"Mon, 24 Nov 2025 08:00:00 GMT",https://news.google.com/rss/articles/CBMi6AFBVV95cUxNV2x3MzJUZ1ZOcEtnR0VUY2FqTm5EZE9XY3A5U0MzX090anlldkhFWC1hMnpvVEZLcm5CalMwM3lJNTdtd0FlR284b1FMeUsxVS1xRHVtWks1SzZLbzRFbGpXWFhIaWYzTjR1WDRsdF9iWXBoVHktRTBFWTBjVlZianJnUUZoSDNDQjhvdTFGVEJkaHBZdnZReTl4bUxOZFhKLWo4Zm50OUVBTXhrVEd6ZzdQNVpIcjV1Z2tabzNMQkhldU00Qkw3V0NuNjl0TDlRMTdTaGNnVVQtWFRzVHVJREgzMWVkVk04?oc=5
consumo consciente pet,Proteína animal garante segurança alimentar no Brasil - Feed&Food,Feed&Food,"Thu, 16 Oct 2025 07:00:00 GMT",https://news.google.com/rss/articles/CBMihAFBVV95cUxPTmtqcG0xbk9hajAzWFU5ZlIybTVUdEY5UE1OLWk4OV9YWk5rZXhLZ1VIWDE3aE1Ob2dWTnlaa1NPUUc0bHc1NkJBV1JlZzMxY29mSEtyZ296a2luaXVibGhtZ0lvUGcwcGNscFJVSnJWSjJNR1VEMFhySEN3T0VHc1BWTE8?oc=5
sustentabilidade petshop,Ação leva vacinação de pets e mudas à Zona Sul de Manaus - A Crítica,A Crítica,"Wed, 09 Sep 2026 16:31:11 GMT",https://news.google.com/rss/articles/CBMinAFBVV95cUxQNXNqdFdWRE9OU0V6NVRxU2MxOVVEZkRsYmtLb0dpNGg4c0VVZWZ5MW9xaE5TRU9sY2tWelVHeWExekdBNFZmbEZ0WExqNW1FS2dZTEIzM2Zwb3huSl9IRFFvcWFRa2RfYUlYWGpkbm0tTmVTVUllT2JlS245MzlSTGtkcmRpWmRWZlZsV3dzM2hCVEpHZ2xQSVhhRVTSAZwBQVVfeXFMUDVzanRXVkRPTlNFejVUcVNjMTlVRGZEbGJrS29HaTRoOHNFVWVmeTFvcWhOU0VPbGNrVnpVR3lhMXpHQTRWZmxGdFhMajVtRUtnWUxCMzNmcG94bkpfSERRb3FhUWtkX2FJWFhqZG5tLU5lU1VJZU9iZUtuOTM5UkxrZHJkaVpkVmZWbFd3czNoQlRKR2dsUElYYUVU?oc=5
sustentabilidade petshop,"Prefeitura de Aparecida realiza feira de adoção de pets neste sábado, 15, no Parque Lafaiete - Prefeitura de Aparecida de Goiânia",Prefeitura de Aparecida de Goiânia,"Fri, 14 Aug 2026 07:00:00 GMT",https://news.google.com/rss/articles/CBMiugFBVV95cUxOWGkyaXRlVUZJd2g2dUhCRDBycHdjalU2UWszRV9BZFJfdi1oUy1Ya0syRXhIWElrazRMLU9EVkVqX0UtWDNhbFp3NmN0a2o5MmhCU25sMXhtTzZzNjNOOGhIa1RabHN5WFoweWhqenRaV1NBSDBqUkFiLVNtcXU2UWpqOXR2X2VpdUZLempjR2lNbTdhQUIybmF4QzJIamN4TGo0T3hQaGpIR3FmMEdCakpjMXdFOEEwREE?oc=5
sustentabilidade petshop,"Luxo, tecnologia, pets e sustentabilidade em destaque - correiodamanha.com.br",correiodamanha.com.br,"Fri, 31 Jul 2026 02:51:00 GMT",https://news.google.com/rss/articles/CBMi4gFBVV95cUxNWDR5ZEk0dUI1NWR2VnpLa2NVZUtSUmdhSkZibnI2bG5HRllmT3RWUV9pMnVvNndWX09jZkRhY2JFcENmbzFMVTF2X3YtZG56N3RKZGVuVGxpeUNPMjhXMEwtaHRFcERuSlg0NnoyM19vdlhwTGxZZi0xSGNWbk8taUF5cDN4blZJMFJoOFpuWDEwbVNXdFhDSk1pY3NfQUVmLVd3RUdfV2dWWEZJQ3ZHTGZPS2M3NlNkRHJkR3BEZ3JMcGpzWk1aQ2xXMFRKUVMyWkFRVTRodUVoeUpkVjlkWndB?oc=5
sustentabilidade petshop,FS aposta em ciência e sustentabilidade para ampliar presença no mercado pet brasileiro - Portal Cães e Gatos,Portal Cães e Gatos,"Thu, 14 May 2026 07:00:00 GMT",https://news.google.com/rss/articles/CBMid0FVX3lxTE5ZNmJZRE1hajlrbTdQWG0xRE1ZREpnVTVCVWFsRnYxYW5MVG5lYTZMM0p2S2FZc0dCR2Y2TGhSMkNrY0Z6TzhteXpSUDlkYkV4SUFEUlpTYmltT2FQVlJxZUVXWi1ic1VaWVpNVGtOUm0tZ2R6Mmpr?oc=5
sustentabilidade petshop,Zona Noroeste de Santos terá primeiro espaço para lazer dos pets - Santa Portal,Santa Portal,"Mon, 22 Jun 2026 07:00:00 GMT",https://news.google.com/rss/articles/CBMiogFBVV95cUxPRkdfZjFRMExLS0tkVGFNbzQ4Z0ZRYXZUYmQwRTF0eXJXS2JRYUJzVGhSZHQ3cmh6YWE5Qi10c2dUNDlGdjMzMDJvUktDLVFDV1lTaDNBS1ZtNEJ6NFU0NTA5dGNhZm01anczdkh0cGlBMWdCMC1ybFdWbEZVMXRreW1XUUZYbDJYQVNJbHFTZjFVWFRocHdEM3N3NklYUkw0N2c?oc=5
sustentabilidade petshop,Ônibus do Castra+ São Paulo fará mil castrações e microchipagens em pets em Araçatuba - Hojemais.com.br,Hojemais.com.br,"Sat, 04 Apr 2026 07:00:00 GMT",https://news.google.com/rss/articles/CBMi1wFBVV95cUxOSjVmenVQc28zTllIS1k1U2xBb3BRVG1YOFFzZG1FTWstUzM0TnZkc0tEUTQ1blJqZ2tQZ0t1YUppQ195SmdaTEdHYVN0Z0FzdG04RXJGNzZROHJ6dG1zNVNvUmhVcDh3RDhGcm5sWVRDa3l4U2lqVGZzR2s5bHNYeTRnV3pPN3NVeGtVQllsWDJnMjdkYUhsN24yRUFzc0haeXo5RXF4SE4yXzBiS0sxR2ZZY2QxVnlxQzhUU2FvZXdUZnZ5dEFGVDQ4SmxOOXV2LW5oeXM1RQ?oc=5
sustentabilidade petshop,Lei prevê punições a quem deixar pets desacompanhados em Santos - santos.sp.gov.br,santos.sp.gov.br,"Wed, 14 Jan 2026 08:00:00 GMT",https://news.google.com/rss/articles/CBMipgFBVV95cUxPejI1ZzI4TDJ1T2pZTGtiWkJJNkFoelNkRFZNWkZxQ3owMGlySU9sQzctUFk4YXVNeldfdjdic3I4cDlLRmc4azNYajRma2ZEYnp1Qm1mc2VTT2JLOTgwbjhuVmFSNE9IYXRyRUozQnJPcVRlbG9HY0ltUDd5M1FoZ0lOMHlLQ2xjRmwyU1pYZ1otUGN5bFlQMGZta0o5T2QwdWRCcWJn?oc=5
sustentabilidade petshop,Alimentação saudável para pets: oportunidade para o agro - Agrishow - Agrishow,Agrishow,"Wed, 04 Mar 2026 08:00:00 GMT",https://news.google.com/rss/articles/CBMi3wFBVV95cUxNTS1MRFZDTUVGM3hvQlpLbGs4MWRqNzVWZi00a055aTdXa2RRMmIyUGhqeUotVFc5OWs1YXlzeUFlel9TR2pFR0RSTXhGRF9JQmJFVjVPRVlmY0dhVzM3bF9ta3ptSWdHRDFvUk91d3lOY1NSeDdTcDIxeGl6TEduX3MxbXB3RkFXYWtfYVNMbS1HQ0xNQXp1c0tlcDRwbG1KUVFFZGtKcjI1SXRSRHZWNDRvMjByS1o4S3gyZ1UyUG1UdF83NW0yWG5ZQjFrdV9Ydm9lQzFOczNpQnNiVVhV?oc=5
sustentabilidade petshop,Mercado pet em transição para a sustentabilidade - TrendsCE,TrendsCE,"Wed, 05 Nov 2025 08:00:00 GMT",https://news.google.com/rss/articles/CBMikgFBVV95cUxQeDhkTEc3akxFVnY3WGtVTV94SlZWS3hvU1NNRjJobzd0bS1BaEYzVTlEbklWTmd4Vmc0SkI4Xy1pMmpNSEVlTkdlaDlIWVdTQVN4TFVjRXNJYlB0QVBtTm1GOW5ORDhtZnM5ZkpUVnBZdHJheXBvcUUza2NhVmlsTU9ic1hyaGg4bFpYVmkwWXZtUQ?oc=5
sustentabilidade petshop,Sustentabilidade ganha força no mercado pet e movimenta bilhões no Brasil - Terra,Terra,"Fri, 29 Aug 2025 07:00:00 GMT",https://news.google.com/rss/articles/CBMi9gFBVV95cUxPTlk4cjNZcWpqY18zOERlYWlYNTBweDU1eEg1UzZJS0ZCMVBMeUU3bzJtQmFNdDVvVW1ISkNWeGVVUHhNelRISUtpemlKVmRrWXAxWFE2LVFfRGZOb0EyRXFLV2NfSmVjOC03VEJJWUwzQ29TYmlpOFpscDJqQ1BSdEQ0aU51TWlVZVVRNlFzTEhUSHVYSkZoZTFsSzh6aU1ud1p3cndOcTZrTFRoQWp1S1BKeTRrMG5JLXJ3T0NJUnBwXy1RODM3WWxPcUFkM1NnamEwOGhkampWOXlhNHdWYXpUOTFLMDJrOXhwWjVLbTBid0hPYUE?oc=5
sustentabilidade petshop,"Moda, Sustentabilidade e Amor pelos Animais: Santa Maria recebe curso gratuito de Moda Pet Sustentável - UFSM",UFSM,"Mon, 08 Sep 2025 07:00:00 GMT",https://news.google.com/rss/articles/CBMi-wFBVV95cUxPN0JUcDdwa0JyYnFFWWdpb2dQSWxpZkVHZ3RDZV9ISkNhNmtBSldIek5BRVVWNTJtTHRFVGZCZHp6SW03d1MzWUhpSGRFRE81YnJubmxvQTUyU0VzdmJxczFVaGphMV9xUFhoS3drYzhiUkM5Tm9rOU96NEVEdndfaEI0ejA5cHJaRFN3dU5qa0JpYVRJNmpSYmpZcjAxb2FfQVVGWW1tbWRWSHBULXdsb3M0RjVMcmtkRnIyVTVDa18zTDNjWWpjcnNPODhjMG9peXhPSXotbHQ2WlViWEVBeHZYbUpGVmtXV01NRGhHZExodEtZU1NaOW5TSdIBgAJBVV95cUxOZVJYMFBIQ1hRbHBPN0RUTzk4bkhJWmlqS3p4Wm5qOUxfbmRucWNaNHl2MVZsVm9Yc1VpTTdySVV2alBaRklHS1ZzTGZWa1hPT0EwTDh5eVNCOU01ZmRCZEZLM1lVck5aMlN5UXkxQ1piWkdMNnd6VnczRW9YeF9tU1UtYUVpYkp4STF1WExGa1NOUGdFQ1MwV2RmMzBDT2J0aEZZUjlGVmxWZnVGZ0ZjWEVMaU8zam9jQnJja0RxTmJBSWthZXg0WWtpYnd0YmQ4ZkZGMWFCVDVleGdLTTFVdlEzWnZiNnQ0Vjk0TXE3S2h0dGhJLW1pZGYxOHgydm5x?oc=5
sustentabilidade petshop,"Caruaru recebe feira de adoção de pets, veja requisitos para adotar um animal - G1",G1,"Tue, 27 Jan 2026 08:00:00 GMT",https://news.google.com/rss/articles/CBMi5wFBVV95cUxQMmZNSDRKZExCTjRFaFo3ZmhXRjR6TXhpS0pNNHZWaXNVcWppVkdKcWs2NENUeVd1aWtfbGNEalozMXIwLUdMcldVSkdlRzFoZXVoNjRILTdNUmpiWU1OZE81S1RWZkNINFhVTTFDbkEyWG5CenluSXowUldCNFd6S19zU2R5VEwwMnJVaXlDN3lUNW4xLTllNjVfOTc3X283Zk1SU1p5TXBXbUZpV25JQnp3aWFOLVFRckxvWm9pT21sSjgtZzFROFhKeUdKZDVXeTU5RkF5MWd2SFNSR29zLUNvQUdJeFHSAfYBQVVfeXFMUC1RU05jOTlreVllbmVtZU5yd3VkQmdReDJ4TmhrSHpjOW5pWXk1MWl6OWM3TnpqOXNSTU9Pd2lTMUk0bV9DVF9qOUZkZEI5S1k0c1RoYXM5bEV3d1RybUVrblh1cXE5SlFqQnh2bFFHaFNfdTUwWHoyVjRCVEJBWW9PWnZYM3FEclJvazFLNXo1TUE1cG9UUGhoaUhxbVNDT3ZidWdRNUJkaVJrWURmb2Nod3lBWnpVWXZ3bTJraVdER1JpT0lzRXFfclg2ZEVLQjdSRWlnXzdIRGhuVlh1SjZZa1Nfc3U1TWJVRG03YVVmQlhJWGNn?oc=5
sustentabilidade petshop,Prefeitura de Itapevi promove Feira de Adoção de Pets e doação de mudas neste sábado (18) - Prefeitura de Itapevi,Prefeitura de Itapevi,"Wed, 15 Oct 2025 07:00:00 GMT",https://news.google.com/rss/articles/CBMiwAFBVV95cUxNR3AwX25LWFdZOUZGTW83Q3dNMnNQRVJDUVBKNzJWQjZDeE1idml3OXY1dlNJMk1DV3Jtd1hIZEtRVkpMMjMyN1VsTWNTLXp3VnVpbjROdTlzZXRNcVgyR3gyV2dwbE9scEwzMXhYNGJEdFc1elpYVWFEU3UxYi1sa1VGQWtlNXduVzlxY2VGNjJ5UDlTWEFDcjFaVEpwYmFDdWM4dHNaVVU0OFN4RDN6WVZoRHBLaVBCZzZmcEtjajY?oc=5
sustentabilidade petshop,31ª DP conclui investigações sobre morte de cachorro em petshop - PCDF,PCDF,"Wed, 11 Dec 2024 08:00:00 GMT",https://news.google.com/rss/articles/CBMipwFBVV95cUxOTE1rV3NBSGh6X0xtVEJHOEtVaXZyTU1NTTlHVjBUVTJuVkhlcm90RWJYSVdzajVydFhrNkdLMmM3c3hFUjg4ZkJmY052dlVXMkJ1LXN0NmdjTkk2eWJVdmF5R2cwZl9Bcm5HOUp6UHRnZE81dVdnTXc3MDZJQ2ZrRUpVdUx3ME8zbzdsUDhlNFB2bVdoV3k4emx5ZHFOM3hRSFBRaFhhbw?oc=5
sustentabilidade petshop,Pets e sustentabilidade: soluções ecológicas que ajudam a cuidar do seu animalzinho - Rádio Itatiaia,Rádio Itatiaia,"Sat, 29 Mar 2025 07:00:00 GMT",https://news.google.com/rss/articles/CBMixAFBVV95cUxOcWxZOGZvd3N6ZlpkbnNmeV9YVGljZ21LMHlIVWtFUVdqVDVfR01IQzRoZ2xCYnRTdUY2UTN6OUx1Y3RDeDhfTlktMnZBdVY0NzNaRENUdVdCYUpadXNIYmU3VU5yd0hqRHdUMllFWGxTVnBndWxsMmJVTkdDVFNpeWtZNFZQdkppT1ZaQ2phWnhWYmkyUHVkVUp6LVkydGtuMzVQU1ZYMnpPVGwxdXF2ODQ2dHdhVlExdlY2U0ExUDE0UWx5?oc=5
abandono de animais adocao,Campanha incentiva a adoção responsável e alerta sobre abandono de animais - G1,G1,"Wed, 09 Sep 2026 12:39:20 GMT",https://news.google.com/rss/articles/CBMi5wFBVV95cUxPVmpMNnZMSGNiNW5XcDRlMmRlRjZ0UnV6RHQ5WjRVZHFNZUtYUG5XS1NDeUhpQmFFMkptaUstbURuTlJIcXYzRHZHTDhUNUU2VGZRTkVvS1NVODNtNi1KOEJ3SVZwYXR6VjA4MXppTVB2bGJOYkRmY1NKWHVTX2RpMUFBYmpPSlBkenB4ekhXRmY5YmFTbjhNc1ZGNVE0NFo3Z1BkM2RNUVpIbEFPZEU2bWJ4dnZmY21reGxHVUY5a2ZuTWJxSnJXMWhNMVdhSjZ0aEFpME1ZT3dHbXFsdVd6eGh0aXJ4bEXSAfYBQVVfeXFMTVJmSUxiSDc0VVNEa2twcC10NnNOemNZSG1iRElUUkpid0tJamVNZUVXOXNtWXVnSXk0SmNZYmI0NG5GM2plcFZISzAwTTluMDZSOFYyTFc4LVZnS2hLZHF5dVJwUnRaRHdfNlQxeWVrbmZBYVJ0YkNlUnZyX3NHVjJSWGtWMGVla09PdDhJVE1yakNFYmJxRzhMa3hTM3BZWnZOZzVUd0pFekt5OXE2V3pNcTdnUzBJUWo4d0JZUHRlNWs0YnBjN2d2WkRTMlZBSFZHWXVRQUVjLUtFaVlLNWFQaDhWS25SRWJoa1dCQUJjYUJHNXJ3?oc=5
abandono de animais adocao,Adasfa e Shopping Jardins realizam evento de adoção animal neste sábado - FaxAju,FaxAju,"Fri, 11 Sep 2026 11:10:00 GMT",https://news.google.com/rss/articles/CBMirgFBVV95cUxOV1dZVkpSQ21OamZVSmVNUWhfeWNxMS1YcW5PRDJTR0RlUXBISXpGcGc1NHRBb1drR01nTWJQRmxESks1T3ZtUmtMX3h4NTFmZGpsY3ZIc0x4Q1JtMGRYTi1GVnd2bDBFYnZpZE4tV1NqbFZaZFpfWEdsZ2lQamVsbm1tZFVXZzRkQURFczFPNGZGNzRuWW4zeGpUUmN5czBjeGp2OF9icDVFS20zNFE?oc=5
abandono de animais adocao,"Setembro Caramelo promove vacinação, adoção e ações de proteção animal em Maringá - Pinga Fogo Notícias",Pinga Fogo Notícias,"Sat, 12 Sep 2026 18:12:00 GMT",https://news.google.com/rss/articles/CBMiwAFBVV95cUxPMi1WOHBHSlJtemxCS29lRFIxbFBzanJsUkptV3diVF95RC1wNDVkanVCSXFmeXFISDJFbWxlY1JCLVdKNGl1ZWJGeU1TTzFDMDlkaGtLR3F0TFBKbmdGbmx0c21PdklQMnNVbndlcEZJRmlaX2RCYmNoMlZ5NnV2X1hBTWpCN0pWVWpDWU9QSHBERE5zWVNvaUtNMDRMc3dlT0JQN3VZQVFCT2lhLUZsYlJyMWZTX0xOT2pObXJxdDg?oc=5
abandono de animais adocao,Câmara aprova criação do Programa Municipal de Animais de Estimação Perdidos ou Aptos para Adoção - Câmara Municipal de Goiânia,Câmara Municipal de Goiânia,"Fri, 04 Sep 2026 18:46:09 GMT",https://news.google.com/rss/articles/CBMiowJBVV95cUxOcEJhTVNBSHpMOGNTY0lYbHRJTkdLLVF5NVVsUVVkTFhjRnloN0c0M1B3blo4RHNoR1JoMGJGc1FHWC1FbWFieGZvbHlwMWI2M2dabDFwc0tyNkUyQzh0STFFdDJNa0l6YXJQNGlIMGZqN3B4NWZaVmtwaFpCTHZvdDZ0VmNneG5ra2hiVFlRTm15azczQ0RlOTBlbENQaWRoaXN2QnFyekJ4TUlOdGd4UmlCdlhFVHNBdkQzb2ZPN2ZySFNtazk0MFBiUlU1Y3l2N1F5WTNtdXFuazRONmVPdkdUX2tJYTFaekhJSFdCeDQ2NVZBNmxPRnhvSVprMm1WVU92ZkZ1M3ZXMHB2VFZCQTFUZnFvM21HUXlVWWcxLWI5NzA?oc=5
abandono de animais adocao,Feira de adoção reúne cerca de 30 cães e gatos neste sábado no Shopping Jardins - Aracaju Magazine,Aracaju Magazine,"Fri, 11 Sep 2026 11:41:47 GMT",https://news.google.com/rss/articles/CBMipAFBVV95cUxOeGtpcWtXdVRtNHZtai1heGN3UEFhTzBxdGJPV0V3WGNtUFgwdEhVWHdTWHVhSC0wSkdPQWZOOU8zeV8wcThxTWxYVXdNNUlnbDVQN3FwWTlOZzJYNkF3Vm9RTElhNlhhR2xWcjkta1dYb2hPcDlOTTdfRGVEVmF1TWJFa1lUb25yMnk4eDZaZVFrUE5Qem5DZUlnVVoydnUxbjlNRw?oc=5
abandono de animais adocao,"Setembro Caramelo: Maringá tem ações de vacinação, adoção e conscientização sobre o bem-estar animal - gmconline.com.br",gmconline.com.br,"Fri, 11 Sep 2026 14:00:00 GMT",https://news.google.com/rss/articles/CBMi1wFBVV95cUxOaFpSQ2RzaFgzREhmSk5UMG9TZUVTRzV3aS1ObGJQZUlrS2YwXzFoZ2hPOHl1UEFEa2RHNmR5TDVpMnEta1E1UEF2bXdmTWcyaXRRRFZpbllHX0xubWRsakxUUkg5NDA3TDc1aV9BQlRmSTVLYWdCc2U3cnlqbkhaNzRCcTgxUzZfXy1NaV84NE03V2R3MWU4ajUzbjNlQmlYUTItVndHSkRYZ0Etd0hDSzZOeUUtNUpYMGl3aGh5azhIYUFqT0NhZUw4VDk5M2dfZnlWOVVTMNIB3AFBVV95cUxOdmhKQ3d1bGh2aEl0QWRGT1Vid2d5NlNwUTEwSEgzbmctaUhraWRZWnJCWTFFUVlvczUzc2p5ZFMxX0FBUGNzTkI5VThZa3BjV05DQUhsRmpYQUdyYTgtbE9lWGxsbFB5T203Zl9WSkFsdmlwY0h0UTRfRElnSVJoUnBLYlR2M214ZDhYeDduUXZ0OXA3aG5ybU5kdXlnUENxMmNMYlJ6TFFONGc0aHE1WkJqVDJVSHRnXzV0TWNEeU9MaHBIVHFvaGRidDB2UTgtMk1MX1hxbl9JeEtI?oc=5
abandono de animais adocao,Portal UFS - Divisão de Animais Comunitários da UFS reforça o combate ao abandono de animais nos campi - Portal UFS,Portal UFS,"Thu, 20 Aug 2026 07:00:00 GMT",https://news.google.com/rss/articles/CBMiwAFBVV95cUxNOEw1VmtkckQzb3AwNHZiN0YzeGxybjZybll2MUhzR1Z4ZjQ1UmZKVE54NVg5NVd2U2Nhcm1kZUR1ZnE4ZE9WU2FBZWQ0ZnY1dXNHeXNEaTh0RmV5V05USlVVNkhYMkRQM05wMmRwQ1FxanhzZk1wcTlubWNNc0dKT3I5VkZWNXZMeGE1THNPSHBnbGRWZTN5Q2xuakw0TnAxM01Ia3dyZS1feC1DaUdHWm0wYjFtOGRGOUF4WV9OdHk?oc=5
abandono de animais adocao,Clínica de Bem-Estar Animal reforça acolhimento e incentiva adoção responsável para combater o abandono em Por - Portal SGC,Portal SGC,"Wed, 09 Sep 2026 09:04:33 GMT",https://news.google.com/rss/articles/CBMiS0FVX3lxTFBnaHFjSWI0WFRvdTd4eUdYakNSaTYwcHhiMFJOOEpzcnZrUnl0eEp5VHNpS2F4RExGSDNSc0J3dGZnX3BoTEpqTVVFQQ?oc=5
abandono de animais adocao,Adotar um vira-lata é transformar duas vidas: Fortaleza reforça a importância da adoção responsável - Prefeitura de Fortaleza,Prefeitura de Fortaleza,"Fri, 31 Jul 2026 07:00:00 GMT",https://news.google.com/rss/articles/CBMi1gFBVV95cUxQMS1WSk1ZaTR3dllBdHc1VXlvMmRDYnpVa0tKU3VtZHZaejVYeEladFZLWWwtcWpraVF4RWJHY0QwcWVLQndUbWdiVEZubHlJUnhsSWhUZ0tYUTNHeDdWSnRuVFZUd2tMV2t3R1lWb3FBNGRhdmdJbGpsdnVmNmQ3a2ljc2xoMWVyaVpNUk5BejdCYUg1UlNOek82aHR4T19DYThBUnZsdXVyanA0WTdDb2kycDl5LXZlNjN4TUsxT0VKam85dVhXRC1VMzcyU0RQQzdfWlZB?oc=5
abandono de animais adocao,Setembro Caramelo: Prefeitura de Jales reforça importância da adoção responsável e combate ao preconceito - OExtra.net,OExtra.net,"Tue, 08 Sep 2026 14:15:18 GMT",https://news.google.com/rss/articles/CBMiyAFBVV95cUxPbmxFT05mQ05KTU52VGZPZkpzWXJkWmtxYkhtaFFYUVlSR1ZTWmVfbC1VamZzcGpYR1oxV0QxVC1peEs3X3F0bXJzQ2xyWjJxZW9zYnEwVXJ6NkV5dDM5a2xJbTk2STR2ZGdLM1VpWUVOZXE1V2NKb2FFQ2x3NExvV1RTcHFwRW90OWp0T3BnVDBOODRib1BBNUstWlgtSmJMR0FfanNYVEdrQ2pfUWRvVnZ5RzdoUkVKdmJjcDlyb3o4ZVBiYlVSeg?oc=5
abandono de animais adocao,Sete animais ganham um novo lar durante campanha de adoção em Nova Iguaçu - Prefeitura de Nova Iguaçu,Prefeitura de Nova Iguaçu,"Mon, 18 May 2026 07:00:00 GMT",https://news.google.com/rss/articles/CBMitwFBVV95cUxPSlhxa3lNZ0p2cC1PSzFEclpQZlVCaUNFUFBTSEhyNXMySnhPQ3NoT2gtNWx6WVpQaWpDcGdiZy1oQjNMUE10QWpLOWNSdHJXd3NQWG5lTlpjTjJ0cy04Tkt3ZnlEQjZpLUQ5eU9VMFNnQTZPNDJ6azBTRzcwdVJaSzFITEgzbjdEZW42dzlwMDFydWZRWlprbG9zQ0Qtb0kxb0VCaG9Dem1TMnY2dGUzbXBtRldvQWM?oc=5
abandono de animais adocao,Notícia | Abandono às margens da rodovia é crime — mas a adoção pode transformar essa história - CSG - Concessionária Caminhos da Serra Gaúcha,CSG - Concessionária Caminhos da Serra Gaúcha,"Mon, 02 Mar 2026 08:00:00 GMT",https://news.google.com/rss/articles/CBMirwFBVV95cUxObWtSdkcwSnhhUkJQZWVubm9HbDI0V0taZEwxVXFNX1B1cmJxa1hHVlRxWkI4WUdDZXQwd1Y3S1BNRE10VktuYmNUemtyWHdJSm5qOUoyb0NtNHdNUUMyd0JCc3BjNDhYVW10TWZDZ2F6WlBnbXZESG5XR1B5NXRWZUlTMVZENVlIOEVZeHNjMVdUOUhkd1lra0pEV3BQRm13R1QyT0l6MjFjNzNYUk9r?oc=5
abandono de animais adocao,Número de animais abandonados no Brasil segue alarmante - Jornal da USP,Jornal da USP,"Mon, 02 Mar 2026 08:00:00 GMT",https://news.google.com/rss/articles/CBMihwFBVV95cUxQamMtOXZDeDE2WEUwR1BPQXZTaFFHZUF2V1pvNmkySVltaVQ4QjI5SFJZaEplNXBLaF82YTJHcjVuU2U4eTZGUFYzQXdjT3pRUy1lNVNfRmpfbHZ5anN0ZE5BZXhBdkN3ZHpLcDlkbFpvYjVEY0VqUkZUQVBkQkY1VGZRNklPem8?oc=5
abandono de animais adocao,Adote UFPR registra aumento de abandono e busca lares temporários para cães resgatados - Universidade Federal do Paraná,Universidade Federal do Paraná,"Tue, 28 Apr 2026 07:00:00 GMT",https://news.google.com/rss/articles/CBMipgFBVV95cUxNc0VmdXR5U0M1QUg2bzJIWFpOU0t4M2Z0ZkJjWUQxdEhWTU1NbC10VjBMRWdiQUFBMXdFVnQ0NU5ySkt3aUJTTFVOQTgzLUJXX0RwYXJKVWVWNEFPZ1VfcDRXUnhEZmFUb0o0Rlo0MmdIaTNYemFMSG8yNExLNVdrZnhSYjlnVTNiYXJiVnRpQTAyQ2tNaHVCcTBqSkhCMmk2SG0wMWhn?oc=5
abandono de animais adocao,Feira de Adoção de Animais chega à 15.ª edição com quase 200 cães e gatos à espera de um novo lar em Paranaguá - Secultur,Secultur,"Tue, 12 May 2026 20:08:40 GMT",https://news.google.com/rss/articles/CBMiaEFVX3lxTE4xNU90eGptM1FWTHJSaUJ3VnV2clhoVDVUQk9vOWZzaVU3YnhyZUxoX3RNVk9udFQ1RnB3Q0tER2FCYXRINWJweGJBRXEzSVc0Q210TzhLNk51SHQ2ejF2VEIwR3IzZE9w?oc=5
